block,delivered_input_sequence,scheduled_ns,start_ns,end_ns,deadline_ns,selected,callback_ns,start_lateness_ns,deadline_missed,mismatch_count,nonfinite_mismatch_count,max_finite_abs_error,first_mismatch_channel,first_mismatch_frame,first_actual,first_expected,first_mismatch_kind
0,,1814375453810041,1814375453810083,1814375453824166,1814375454476707,priming,14083,42,0,0,0,0,,,,,none
1,0,1814375454476707,1814375454644833,1814375454656708,1814375455143374,gpu_delivered,11875,168126,0,0,0,3.2596290111541748e-08,,,,,none
2,1,1814375455143374,1814375455270291,1814375455282000,1814375455810041,cpu_fallback,11709,126917,0,0,0,0,,,,,none
3,2,1814375455810041,1814375455947416,1814375455958666,1814375456476707,cpu_fallback,11250,137375,0,0,0,0,,,,,none
4,3,1814375456476707,1814375456550625,1814375456573000,1814375457143374,cpu_fallback,22375,73918,0,0,0,0,,,,,none
5,4,1814375457143374,1814375457292333,1814375457309166,1814375457810041,gpu_delivered,16833,148959,0,0,0,5.477340891957283e-08,,,,,none
6,5,1814375457810041,1814375457947333,1814375457962541,1814375458476707,gpu_delivered,15208,137292,0,0,0,5.029141902923584e-08,,,,,none
7,6,1814375458476707,1814375458584500,1814375458607333,1814375459143374,gpu_delivered,22833,107793,0,0,0,4.0978193283081055e-08,,,,,none
8,7,1814375459143374,1814375459288166,1814375459301875,1814375459810041,gpu_delivered,13709,144792,0,0,0,4.2840838432312012e-08,,,,,none
9,8,1814375459810041,1814375459895625,1814375459910625,1814375460476707,gpu_delivered,15000,85584,0,0,0,3.4720869734883308e-08,,,,,none
10,9,1814375460476707,1814375460627833,1814375460643083,1814375461143374,gpu_delivered,15250,151126,0,0,0,4.4237822294235229e-08,,,,,none
11,10,1814375461143374,1814375461283833,1814375461296916,1814375461810041,gpu_delivered,13083,140459,0,0,0,4.7031790018081665e-08,,,,,none
12,11,1814375461810041,1814375461947166,1814375461963125,1814375462476707,cpu_fallback,15959,137125,0,0,0,0,,,,,none
13,12,1814375462476707,1814375462660250,1814375462672500,1814375463143374,gpu_delivered,12250,183543,0,0,0,4.6566128730773926e-08,,,,,none
14,13,1814375463143374,1814375463270666,1814375463285375,1814375463810041,gpu_delivered,14709,127292,0,0,0,5.6170392781496048e-08,,,,,none
15,14,1814375463810041,1814375463944666,1814375463958458,1814375464476707,gpu_delivered,13792,134625,0,0,0,4.377216100692749e-08,,,,,none
16,15,1814375464476707,1814375464614958,1814375464631666,1814375465143374,gpu_delivered,16708,138251,0,0,0,3.9115548133850098e-08,,,,,none
17,16,1814375465143374,1814375465281375,1814375465295375,1814375465810041,gpu_delivered,14000,138001,0,0,0,4.2375177145004272e-08,,,,,none
18,17,1814375465810041,1814375465942541,1814375465956083,1814375466476707,cpu_fallback,13542,132500,0,0,0,0,,,,,none
19,18,1814375466476707,1814375466583916,1814375466596916,1814375467143374,cpu_fallback,13000,107209,0,0,0,0,,,,,none
20,19,1814375467143374,1814375467290541,1814375467302708,1814375467810041,cpu_fallback,12167,147167,0,0,0,0,,,,,none
21,20,1814375467810041,1814375467945166,1814375467956375,1814375468476707,cpu_fallback,11209,135125,0,0,0,0,,,,,none
22,21,1814375468476707,1814375468610166,1814375468621708,1814375469143374,gpu_delivered,11542,133459,0,0,0,6.891787052154541e-08,,,,,none
23,22,1814375469143374,1814375469278458,1814375469293000,1814375469810041,gpu_delivered,14542,135084,0,0,0,4.109460860490799e-08,,,,,none
24,23,1814375469810041,1814375469900958,1814375469914291,1814375470476707,gpu_delivered,13333,90917,0,0,0,4.6333298087120056e-08,,,,,none
25,24,1814375470476707,1814375470626541,1814375470641625,1814375471143374,gpu_delivered,15084,149834,0,0,0,3.9581209421157837e-08,,,,,none
26,25,1814375471143374,1814375471246750,1814375471259333,1814375471810041,gpu_delivered,12583,103376,0,0,0,3.9115548133850098e-08,,,,,none
27,26,1814375471810041,1814375471862416,1814375471876666,1814375472476707,gpu_delivered,14250,52375,0,0,0,3.5390257835388184e-08,,,,,none
28,27,1814375472476707,1814375472633208,1814375472645041,1814375473143374,gpu_delivered,11833,156501,0,0,0,3.6321580410003662e-08,,,,,none
29,28,1814375473143374,1814375473276416,1814375473303125,1814375473810041,cpu_fallback,26709,133042,0,0,0,0,,,,,none
30,29,1814375473810041,1814375473942416,1814375473955500,1814375474476707,gpu_delivered,13084,132375,0,0,0,3.7369318306446075e-08,,,,,none
31,30,1814375474476707,1814375474555375,1814375474568833,1814375475143374,gpu_delivered,13458,78668,0,0,0,3.3993273973464966e-08,,,,,none
32,31,1814375475143374,1814375475292083,1814375475311041,1814375475810041,gpu_delivered,18958,148709,0,0,0,4.9360096454620361e-08,,,,,none
33,32,1814375475810041,1814375475944500,1814375475958041,1814375476476707,gpu_delivered,13541,134459,0,0,0,5.7741999626159668e-08,,,,,none
34,33,1814375476476707,1814375476615750,1814375476629291,1814375477143374,gpu_delivered,13541,139043,0,0,0,5.3085386753082275e-08,,,,,none
35,34,1814375477143374,1814375477277041,1814375477290333,1814375477810041,cpu_fallback,13292,133667,0,0,0,0,,,,,none
36,35,1814375477810041,1814375477944000,1814375477956916,1814375478476707,gpu_delivered,12916,133959,0,0,0,4.4470652937889099e-08,,,,,none
37,36,1814375478476707,1814375478614625,1814375478627541,1814375479143374,gpu_delivered,12916,137918,0,0,0,4.7963112592697144e-08,,,,,none
38,37,1814375479143374,1814375479278291,1814375479291500,1814375479810041,gpu_delivered,13209,134917,0,0,0,4.3539330363273621e-08,,,,,none
39,38,1814375479810041,1814375479948750,1814375479962333,1814375480476707,gpu_delivered,13583,138709,0,0,0,3.3993273973464966e-08,,,,,none
40,39,1814375480476707,1814375480612958,1814375480626791,1814375481143374,gpu_delivered,13833,136251,0,0,0,3.3993273973464966e-08,,,,,none
41,40,1814375481143374,1814375481198083,1814375481211083,1814375481810041,gpu_delivered,13000,54709,0,0,0,3.4458935260772705e-08,,,,,none
42,41,1814375481810041,1814375481907333,1814375481919666,1814375482476707,gpu_delivered,12333,97292,0,0,0,4.2840838432312012e-08,,,,,none
43,42,1814375482476707,1814375482626750,1814375482643500,1814375483143374,gpu_delivered,16750,150043,0,0,0,4.9360096454620361e-08,,,,,none
44,43,1814375483143374,1814375483280375,1814375483294291,1814375483810041,cpu_fallback,13916,137001,0,0,0,0,,,,,none
45,44,1814375483810041,1814375483921375,1814375483934375,1814375484476707,gpu_delivered,13000,111334,0,0,0,4.9476511776447296e-08,,,,,none
46,45,1814375484476707,1814375484584083,1814375484597041,1814375485143374,gpu_delivered,12958,107376,0,0,0,3.2654497772455215e-08,,,,,none
47,46,1814375485143374,1814375485232750,1814375485245125,1814375485810041,gpu_delivered,12375,89376,0,0,0,4.0978193283081055e-08,,,,,none
48,47,1814375485810041,1814375485824250,1814375485848791,1814375486476707,gpu_delivered,24541,14209,0,0,0,3.6321580410003662e-08,,,,,none
49,48,1814375486476707,1814375486642375,1814375486660250,1814375487143374,gpu_delivered,17875,165668,0,0,0,7.1711838245391846e-08,,,,,none
50,49,1814375487143374,1814375487283583,1814375487297083,1814375487810041,gpu_delivered,13500,140209,0,0,0,5.9837475419044495e-08,,,,,none
51,50,1814375487810041,1814375487942583,1814375487956041,1814375488476707,gpu_delivered,13458,132542,0,0,0,3.4924596548080444e-08,,,,,none
52,51,1814375488476707,1814375488620916,1814375488635416,1814375489143374,gpu_delivered,14500,144209,0,0,0,5.4424162954092026e-08,,,,,none
53,52,1814375489143374,1814375489184500,1814375489203166,1814375489810041,gpu_delivered,18666,41126,0,0,0,4.6566128730773926e-08,,,,,none
54,53,1814375489810041,1814375489910416,1814375489921875,1814375490476707,gpu_delivered,11459,100375,0,0,0,4.4703483581542969e-08,,,,,none
55,54,1814375490476707,1814375490622583,1814375490636916,1814375491143374,gpu_delivered,14333,145876,0,0,0,3.6787241697311401e-08,,,,,none
56,55,1814375491143374,1814375491279208,1814375491291416,1814375491810041,gpu_delivered,12208,135834,0,0,0,3.5390257835388184e-08,,,,,none
57,56,1814375491810041,1814375491943083,1814375491955541,1814375492476707,gpu_delivered,12458,133042,0,0,0,4.0046870708465576e-08,,,,,none
58,57,1814375492476707,1814375492622541,1814375492635666,1814375493143374,gpu_delivered,13125,145834,0,0,0,4.6929926611483097e-08,,,,,none
59,58,1814375493143374,1814375493279750,1814375493294416,1814375493810041,cpu_fallback,14666,136376,0,0,0,0,,,,,none
60,59,1814375493810041,1814375493946166,1814375493960250,1814375494476707,gpu_delivered,14084,136125,0,0,0,4.3801264837384224e-08,,,,,none
61,60,1814375494476707,1814375494529500,1814375494545291,1814375495143374,gpu_delivered,15791,52793,0,0,0,4.6566128730773926e-08,,,,,none
62,61,1814375495143374,1814375495324166,1814375495338791,1814375495810041,gpu_delivered,14625,180792,0,0,0,5.3085386753082275e-08,,,,,none
63,62,1814375495810041,1814375495944041,1814375495958625,1814375496476707,cpu_fallback,14584,134000,0,0,0,0,,,,,none
64,63,1814375496476707,1814375496613916,1814375496627916,1814375497143374,gpu_delivered,14000,137209,0,0,0,5.5879354476928711e-08,,,,,none
65,64,1814375497143374,1814375497279333,1814375497292916,1814375497810041,gpu_delivered,13583,135959,0,0,0,4.4703483581542969e-08,,,,,none
66,65,1814375497810041,1814375497965833,1814375497979958,1814375498476707,gpu_delivered,14125,155792,0,0,0,3.3760443329811096e-08,,,,,none
67,66,1814375498476707,1814375498609541,1814375498623125,1814375499143374,gpu_delivered,13584,132834,0,0,0,4.0978193283081055e-08,,,,,none
68,67,1814375499143374,1814375499279375,1814375499293041,1814375499810041,gpu_delivered,13666,136001,0,0,0,3.6729034036397934e-08,,,,,none
69,68,1814375499810041,1814375499951541,1814375499965625,1814375500476707,gpu_delivered,14084,141500,0,0,0,3.7078280001878738e-08,,,,,none
70,69,1814375500476707,1814375500615000,1814375500626916,1814375501143374,gpu_delivered,11916,138293,0,0,0,5.7741999626159668e-08,,,,,none
71,70,1814375501143374,1814375501277833,1814375501290375,1814375501810041,gpu_delivered,12542,134459,0,0,0,6.3329935073852539e-08,,,,,none
72,71,1814375501810041,1814375501943000,1814375501954916,1814375502476707,gpu_delivered,11916,132959,0,0,0,4.4237822294235229e-08,,,,,none
73,72,1814375502476707,1814375502612125,1814375502623958,1814375503143374,cpu_fallback,11833,135418,0,0,0,0,,,,,none
74,73,1814375503143374,1814375503279500,1814375503301458,1814375503810041,gpu_delivered,21958,136126,0,0,0,4.1851308196783066e-08,,,,,none
75,74,1814375503810041,1814375503962666,1814375503976875,1814375504476707,gpu_delivered,14209,152625,0,0,0,3.6321580410003662e-08,,,,,none
76,75,1814375504476707,1814375504568875,1814375504582333,1814375505143374,gpu_delivered,13458,92168,0,0,0,3.8882717490196228e-08,,,,,none
77,76,1814375505143374,1814375505289916,1814375505303791,1814375505810041,gpu_delivered,13875,146542,0,0,0,4.6566128730773926e-08,,,,,none
78,77,1814375505810041,1814375505940958,1814375505958708,1814375506476707,gpu_delivered,17750,130917,0,0,0,4.0512531995773315e-08,,,,,none
79,78,1814375506476707,1814375506626041,1814375506639416,1814375507143374,gpu_delivered,13375,149334,0,0,0,4.4703483581542969e-08,,,,,none
80,79,1814375507143374,1814375507346958,1814375507388000,1814375507810041,gpu_delivered,41042,203584,0,0,0,3.6321580410003662e-08,,,,,none
81,80,1814375507810041,1814375507868750,1814375507890666,1814375508476707,cpu_fallback,21916,58709,0,0,0,0,,,,,none
82,81,1814375508476707,1814375508629333,1814375508643458,1814375509143374,cpu_fallback,14125,152626,0,0,0,0,,,,,none
83,82,1814375509143374,1814375509336625,1814375509351750,1814375509810041,gpu_delivered,15125,193251,0,0,0,6.0070306062698364e-08,,,,,none
84,83,1814375509810041,1814375509879333,1814375509891916,1814375510476707,gpu_delivered,12583,69292,0,0,0,4.3306499719619751e-08,,,,,none
85,84,1814375510476707,1814375510628625,1814375510641000,1814375511143374,gpu_delivered,12375,151918,0,0,0,3.5157427191734314e-08,,,,,none
86,85,1814375511143374,1814375511272833,1814375511284375,1814375511810041,gpu_delivered,11542,129459,0,0,0,3.2596290111541748e-08,,,,,none
87,86,1814375511810041,1814375511954583,1814375511970041,1814375512476707,gpu_delivered,15458,144542,0,0,0,3.2596290111541748e-08,,,,,none
88,87,1814375512476707,1814375512680875,1814375512696958,1814375513143374,gpu_delivered,16083,204168,0,0,0,2.9569491744041443e-08,,,,,none
89,88,1814375513143374,1814375513267125,1814375513355458,1814375513810041,gpu_delivered,88333,123751,0,0,0,3.4924596548080444e-08,,,,,none
90,89,1814375513810041,1814375513933000,1814375513947666,1814375514476707,gpu_delivered,14666,122959,0,0,0,4.377216100692749e-08,,,,,none
91,90,1814375514476707,1814375514615500,1814375514629750,1814375515143374,gpu_delivered,14250,138793,0,0,0,6.6123902797698975e-08,,,,,none
92,91,1814375515143374,1814375515278541,1814375515292500,1814375515810041,gpu_delivered,13959,135167,0,0,0,4.5110937207937241e-08,,,,,none
93,92,1814375515810041,1814375515947083,1814375515960416,1814375516476707,gpu_delivered,13333,137042,0,0,0,3.795139491558075e-08,,,,,none
94,93,1814375516476707,1814375516582791,1814375516596250,1814375517143374,gpu_delivered,13459,106084,0,0,0,4.8428773880004883e-08,,,,,none
95,94,1814375517143374,1814375517287541,1814375517311416,1814375517810041,gpu_delivered,23875,144167,0,0,0,6.5192580223083496e-08,,,,,none
96,95,1814375517810041,1814375517943708,1814375517958333,1814375518476707,gpu_delivered,14625,133667,0,0,0,4.5634806156158447e-08,,,,,none
97,96,1814375518476707,1814375518551833,1814375518564083,1814375519143374,cpu_fallback,12250,75126,0,0,0,0,,,,,none
98,97,1814375519143374,1814375519309583,1814375519334208,1814375519810041,gpu_delivered,24625,166209,0,0,0,3.3527612686157227e-08,,,,,none
99,98,1814375519810041,1814375519950625,1814375519963916,1814375520476707,gpu_delivered,13291,140584,0,0,0,4.377216100692749e-08,,,,,none
100,99,1814375520476707,1814375520619083,1814375520631500,1814375521143374,gpu_delivered,12417,142376,0,0,0,6.1001628637313843e-08,,,,,none
